<Ui xmlns="http://www.blizzard.com/wow/ui/" xmlns:xsi="http://www.w3.org/2001/XMLSchema-instance" xsi:schemaLocation="http://www.blizzard.com/wow/ui/
..\FrameXML\UI.xsd">

<Script file="LibPT-Muffin.Elixirs.lua"/>
<Script file="LibPT-Muffin.Explosives.lua"/>
<Script file="LibPT-Muffin.Flasks.lua"/>
<Script file="LibPT-Muffin.Food.lua"/>
<Script file="LibPT-Muffin.Gear.lua"/>
<Script file="LibPT-Muffin.Misc.lua"/>
<Script file="LibPT-Muffin.Mount.lua"/>
<Script file="LibPT-Muffin.Potions.lua"/>
<Script file="LibPT-Muffin.Skill.Fishing.lua"/>

</Ui>
